phase,Number of Movement Units,Values,Local Maxima IDs,Local Minima IDs
reaching,5.0,"[0.0816653078118242, 0.1339052836896289, 0.16368422343036, 0.1380824119864655, 0.0948651674746848]","[0.0816653078118242, 0.1339052836896289, 0.16368422343036, 0.1380824119864655, 0.0948651674746848]","[0.0816653078118242, 0.1339052836896289, 0.16368422343036, 0.1380824119864655, 0.0948651674746848]"
forward_transportation,5.0,"[0.0816653078118242, 0.1339052836896289, 0.16368422343036, 0.1380824119864655, 0.0948651674746848]","[0.0816653078118242, 0.1339052836896289, 0.16368422343036, 0.1380824119864655, 0.0948651674746848]","[0.0816653078118242, 0.1339052836896289, 0.16368422343036, 0.1380824119864655, 0.0948651674746848]"
back_transport,5.0,"[0.0816653078118242, 0.1339052836896289, 0.16368422343036, 0.1380824119864655, 0.0948651674746848]","[0.0816653078118242, 0.1339052836896289, 0.16368422343036, 0.1380824119864655, 0.0948651674746848]","[0.0816653078118242, 0.1339052836896289, 0.16368422343036, 0.1380824119864655, 0.0948651674746848]"
returning,5.0,"[0.0816653078118242, 0.1339052836896289, 0.16368422343036, 0.1380824119864655, 0.0948651674746848]","[0.0816653078118242, 0.1339052836896289, 0.16368422343036, 0.1380824119864655, 0.0948651674746848]","[0.0816653078118242, 0.1339052836896289, 0.16368422343036, 0.1380824119864655, 0.0948651674746848]"
Total Sum,20.0,,,
Total Mean,8.0,,,
